{"cameraMode":{"drawMode":0,"name":"Shaded","section":"Shading Mode"},"sceneLighting":true,"audioPlay":false,"sceneViewState":{"m_AlwaysRefresh":false,"showFog":true,"showSkybox":true,"showFlares":true,"showImageEffects":true,"showParticleSystems":true,"showVisualEffectGraphs":true,"m_FxEnabled":true},"in2DMode":false,"pivot":{"x":66.78172302246094,"y":-3.7274255752563478,"z":-55.92043685913086},"rotation":{"x":-0.13835714757442475,"y":-0.39785417914390566,"z":0.06035502627491951,"w":-0.9051460027694702},"size":10.036324501037598,"orthographic":false}