{"cameraMode":{"drawMode":0,"name":"Shaded","section":"Shading Mode"},"sceneLighting":true,"audioPlay":false,"sceneViewState":{"m_AlwaysRefresh":false,"showFog":true,"showSkybox":true,"showFlares":true,"showImageEffects":true,"showParticleSystems":true,"showVisualEffectGraphs":true,"m_FxEnabled":true},"in2DMode":false,"pivot":{"x":85.44023132324219,"y":19.754655838012697,"z":-263.6751708984375},"rotation":{"x":-0.022497914731502534,"y":0.006926798261702061,"z":-0.0006369097391143441,"w":-0.9999109506607056},"size":10.036324501037598,"orthographic":false}