{"cameraMode":{"drawMode":0,"name":"Shaded","section":"Shading Mode"},"sceneLighting":false,"audioPlay":false,"sceneViewState":{"m_AlwaysRefresh":false,"showFog":true,"showSkybox":false,"showFlares":true,"showImageEffects":true,"showParticleSystems":true,"showVisualEffectGraphs":true,"m_FxEnabled":true},"in2DMode":false,"pivot":{"x":60.70819854736328,"y":3.2746732234954836,"z":159.29608154296876},"rotation":{"x":-0.020577825605869294,"y":0.9771360754966736,"z":-0.17060576379299165,"w":-0.12948906421661378},"size":1.0307725667953492,"orthographic":false}