{"cameraMode":{"drawMode":0,"name":"Shaded","section":"Shading Mode"},"sceneLighting":true,"audioPlay":false,"sceneViewState":{"m_AlwaysRefresh":false,"showFog":true,"showSkybox":true,"showFlares":true,"showImageEffects":true,"showParticleSystems":true,"showVisualEffectGraphs":true,"m_FxEnabled":true},"in2DMode":false,"pivot":{"x":33.68411636352539,"y":6.4493255615234379,"z":78.15361785888672},"rotation":{"x":0.21449801325798036,"y":-0.6306400299072266,"z":0.18737387657165528,"w":0.7219321727752686},"size":0.3424150049686432,"orthographic":false}